{"cameraMode":{"drawMode":0,"name":"Shaded","section":"Shading Mode"},"sceneLighting":false,"audioPlay":false,"sceneViewState":{"m_AlwaysRefresh":false,"showFog":true,"showSkybox":false,"showFlares":true,"showImageEffects":true,"showParticleSystems":true,"showVisualEffectGraphs":true,"m_FxEnabled":true},"in2DMode":false,"pivot":{"x":-47.400001525878909,"y":3.709099292755127,"z":-0.571062445640564},"rotation":{"x":0.027879858389496805,"y":0.03297902271151543,"z":-0.0009199812193401158,"w":0.9990724921226502},"size":3.8317418098449709,"orthographic":false}