{"cameraMode":{"drawMode":0,"name":"Shaded","section":"Shading Mode"},"sceneLighting":false,"audioPlay":false,"sceneViewState":{"m_AlwaysRefresh":false,"showFog":true,"showSkybox":false,"showFlares":true,"showImageEffects":true,"showParticleSystems":true,"showVisualEffectGraphs":true,"m_FxEnabled":true},"in2DMode":false,"pivot":{"x":-0.0033698230981826784,"y":1.0237314701080323,"z":-0.6746878623962402},"rotation":{"x":-0.007658713031560183,"y":0.9878251552581787,"z":-0.14657776057720185,"w":-0.05161073058843613},"size":0.9602314233779907,"orthographic":false}