{"cameraMode":{"drawMode":0,"name":"Shaded","section":"Shading Mode"},"sceneLighting":false,"audioPlay":false,"sceneViewState":{"m_AlwaysRefresh":false,"showFog":true,"showSkybox":false,"showFlares":true,"showImageEffects":true,"showParticleSystems":true,"showVisualEffectGraphs":true,"m_FxEnabled":true},"in2DMode":false,"pivot":{"x":15.744214057922364,"y":3.5072181224823,"z":13.876875877380371},"rotation":{"x":0.14616070687770844,"y":-0.023759199306368829,"z":0.0036366870626807214,"w":0.9890650510787964},"size":0.015384777449071408,"orthographic":false}